{
  "page": {
    "title": "Romantic Comedy",
    "total-content-items" : "54",
    "page-num-requested" : "3",
    "page-size-requested" : "20",
    "page-size-returned" : "14",
    "content-items": {
      "content": [
        {
          "name": "Family Pot",
          "poster-image": "assets/images/Slices/poster9.jpg"
        },
        {
          "name": "Family Pot",
          "poster-image": "assets/images/Slices/poster8.jpg"
        },
        {
          "name": "Rear Window",
          "poster-image": "assets/images/Slices/poster7.jpg"
        },
        {
          "name": "The Birds",
          "poster-image": "assets/images/Slices/poster9.jpg"
        },
        {
          "name": "Rear Window",
          "poster-image": "assets/images/Slices/poster9.jpg"
        },
        {
          "name": "The Birds",
          "poster-image": "assets/images/Slices/poster8.jpg"
        },
        {
          "name": "Family Pot",
          "poster-image": "assets/images/Slices/poster7.jpg"
        },
               {
          "name": "Family Pot",
          "poster-image": "assets/images/Slices/poster9.jpg"
        },
        {
          "name": "Family Pot",
          "poster-image": "assets/images/Slices/poster8.jpg"
        },
        {
          "name": "Rear Window",
          "poster-image": "assets/images/Slices/poster7.jpg"
        },
        {
          "name": "The Birds with an Extra Long Title",
          "poster-image": "assets/images/Slices/poster9.jpg"
        },
        {
          "name": "Rear Window",
          "poster-image": "assets/images/Slices/poster9.jpg"
        },
        {
          "name": "The Birds",
          "poster-image": "assets/images/Slices/poster8.jpg"
        },
        {
          "name": "Family Pot",
          "poster-image": "assets/images/Slices/placeholder_for_missing_posters.png"
        }
      ]
    }
  }
}