{
  "page": {
    "title": "Romantic Comedy",
    "total-content-items" : "54",
    "page-num-requested" : "2",
    "page-size-requested" : "20",
    "page-size-returned" : "20",
    "content-items": {
      "content": [
        {
          "name": "Rear Window",
          "poster-image": "assets/images/Slices/poster5.jpg"
        },
        {
          "name": "Family Pot",
          "poster-image": "assets/images/Slices/poster6.jpg"
        },
        {
          "name": "Family Pot",
          "poster-image": "assets/images/Slices/poster5.jpg"
        },
        {
          "name": "Rear Window",
          "poster-image": "assets/images/Slices/poster4.jpg"
        },
        {
          "name": "The Birds",
          "poster-image": "assets/images/Slices/poster6.jpg"
        },
        {
          "name": "Rear Window",
          "poster-image": "assets/images/Slices/poster6.jpg"
        },
        {
          "name": "The Birds",
          "poster-image": "assets/images/Slices/poster5.jpg"
        },
        {
          "name": "Family Pot",
          "poster-image": "assets/images/Slices/poster4.jpg"
        },
        {
          "name": "The Birds",
          "poster-image": "assets/images/Slices/poster4.jpg"
        },
        {
          "name": "Rear Window",
          "poster-image": "assets/images/Slices/poster5.jpg"
        },
                {
          "name": "Rear Window",
          "poster-image": "assets/images/Slices/poster5.jpg"
        },
        {
          "name": "Family Pot",
          "poster-image": "assets/images/Slices/poster6.jpg"
        },
        {
          "name": "Family Pot",
          "poster-image": "assets/images/Slices/poster5.jpg"
        },
        {
          "name": "Rear Window",
          "poster-image": "assets/images/Slices/poster4.jpg"
        },
        {
          "name": "The Birds",
          "poster-image": "assets/images/Slices/poster6.jpg"
        },
        {
          "name": "Rear Window",
          "poster-image": "assets/images/Slices/poster6.jpg"
        },
        {
          "name": "The Birds",
          "poster-image": "assets/images/Slices/poster5.jpg"
        },
        {
          "name": "Family Pot",
          "poster-image": "assets/images/Slices/poster4.jpg"
        },
        {
          "name": "The Birds",
          "poster-image": "assets/images/Slices/poster4.jpg"
        },
        {
          "name": "Rear Window",
          "poster-image": "assets/images/Slices/poster5.jpg"
        }
      ]
    }
  }
}